<?xml version="1.0" encoding="UTF-8" standalone="yes"?>
<addon id="repository.hacker0x00" name="repository.hacker0x00" version="1.0.0" provider-name="Hacker0x00">
    <extension point="xbmc.addon.repository" name="repository.hacker0x00">
        <dir>
            <info compressed="false">https://raw.githubusercontent.com/shishohf/hacker0x00-kodi/master/zips/addons.xml</info>
            <checksum>https://raw.githubusercontent.com/shishohf/hacker0x00-kodi/master/zips/addons.xml.md5</checksum>
            <datadir zip="true">https://raw.githubusercontent.com/shishohf/hacker0x00-kodi/master/zips/</datadir>
        </dir>
    </extension>
    <extension point="xbmc.addon.metadata">
        <summary>Hacker0x00 Repository</summary>
        <description>Hacker0x00 Repository</description>
        <disclaimer></disclaimer>
        <platform>all</platform>
        <assets>
            <icon>icon.png</icon>
            <fanart>fanart.jpg</fanart>
        </assets>
    </extension>
</addon>